Generation;AvgFitness;MaxFitness
999;6173,537598;7523,847656
998;6276,864258;7523,381836
997;6133,348145;7523,794922
996;6011,091309;7517,616699
995;6426,492676;7532,813965
994;6215,750488;7517,486816
993;6227,009277;7515,790039
992;6155,313477;7514,543945
991;6498,474121;7521,632812
990;6528,753906;7550,697266
989;6172,992188;7520,39502
988;6638,492188;7528,15918
987;6427,706055;7557,403809
986;6133,98291;7518,677734
985;5992,13916;7519,078613
984;6143,60791;7532,279785
983;6326,888672;7522,012695
982;6528,934082;7529,690918
981;6325,088867;7537,388184
980;6132,994629;7521,960938
979;6163,503906;7525,649902
978;6437,096191;7535,560059
977;6509,228516;7550,701172
976;6296,398438;7556,288574
975;6335,540039;7542,117676
974;6507,509277;7533,878906
973;6537,960449;7538,270996
972;6364,970703;7530,95166
971;6214,065918;7535,595703
970;6226,437988;7532,930176
969;6093,775879;7536,040527
968;6154,577148;7564,938965
967;6235,888184;7529,277344
966;6254,362305;7517,766113
965;5931,261719;7519,181152
964;6598,513672;7524,030273
963;6367,50293;7532,574707
962;6569,491211;7516,098633
961;6256,005859;7516,947754
960;6671,306641;7523,773926
959;6418,831543;7518,268066
958;6548,620605;7553,723145
957;6305,061035;7529,466309
956;6233,887695;7534,461914
955;6163,375;7535,800781
954;6538,682129;7526,174316
953;6417,783691;7547,992676
952;6275,021973;7520,666016
951;6668,966797;7520,358887
950;6578,673828;7539,054688
949;6213,804688;7526,459473
948;6274,80957;7522,204102
947;6427,981445;7618,110352
946;6337,692871;7545,303711
945;6285,236816;7522,282227
944;6377,619629;7518,209961
943;6357,769043;7531,975098
942;6273,827148;7514,931641
941;6073,046875;7526,882324
940;6731,651855;7520,373047
939;6346,656738;7531,833008
938;6183,659668;7516,321777
937;6285,837891;7518,248535
936;6385,819824;7522,57959
935;6367,116699;7522,222168
934;6236,387695;7535,402344
933;6771,125977;7517,14209
932;6530,240723;7517,362305
931;6527,466309;7519,306152
930;5879,119629;7517,707031
929;6276,655762;7521,224121
928;6650,099609;7518,043457
927;6032,250977;7522,011719
926;5830,775391;7515,584961
925;6508,233398;7523,46582
924;6315,30127;7516,354004
923;6528,584473;7519,453613
922;6741,066895;7522,537598
921;6640,529297;7540,782227
920;6548,687012;7518,17334
919;6538,966797;7546,143555
918;6649,54541;7518,214844
917;6135,795898;7517,882812
916;6559,717773;7515,658203
915;6295,919434;7519,642578
914;6590,021484;7519,763184
913;6620,88916;7528,018066
912;6285,17334;7519,356445
911;6448,460938;7522,44043
910;6437,582031;7621,316895
909;6195,35791;7513,590332
908;6094,897461;7516,775879
907;6621,246582;7580,730469
906;6267,847168;7515,352539
905;6346,818359;7515,73291
904;6206,297852;7513,382812
903;6427,961914;7518,375977
902;6478,914551;7514,057617
901;6509,277344;7517,261719
900;6590,357422;7514,305664
899;6488,534668;7522,539551
898;6549,777832;7515,805664
897;6478,861328;7517,719238
896;6247,727051;7514,750977
895;6537,97998;7518,894043
894;6224,270996;7514,309082
893;6589,806641;7532,625488
892;6387,429199;7517,130859
891;6195,66748;7526,038086
890;6640,719238;7517,78125
889;6357,318848;7524,055176
888;6490,134766;7515,131348
887;5955,295898;7519,972168
886;6550,253418;7525,279785
885;6287,196777;7515,283691
884;6316,691895;7517,520508
883;6387,175293;7514,094727
882;6387,440918;7611,810547
881;6620,068359;7516,408203
880;6297,688477;7527,044922
879;6518,017578;7528,739746
878;6590,691406;7515,444336
877;6772,107422;7515,854004
876;6599,096191;7524,277344
875;6621,641113;7529,496094
874;6530,163574;7514,712402
873;6630,121582;7522,029785
872;6428,705566;7517,761719
871;6509,291016;7525,057617
870;6612,080078;7517,022461
869;6691,765137;7521,27832
868;6530,948242;7518,615234
867;6822,533203;7517,700195
866;6600,964844;7515,719727
865;6631,50293;7515,847168
864;6529,467773;7517,392578
863;6448,776367;7520,123535
862;6711,731445;7538,103516
861;6267,004883;7524,474121
860;6186,874512;7517,215332
859;6811,788086;7517,455078
858;6711,9375;7541,375977
857;6559,650879;7517,885254
856;6388,255371;7522,493164
855;6408,407715;7525,981934
854;6299,038574;7518,947266
853;6782,174805;7527,459473
852;6579,353516;7518,641602
851;6530,543457;7532,975586
850;6853,016113;7519,962402
849;6750,978516;7515,304199
848;6458,95166;7516,325684
847;6721,409668;7513,854492
846;6327,314453;7517,73584
845;6672,515625;7518,181152
844;6225,824707;7526,922363
843;6288,731934;7547,419922
842;6398,265137;7516,90625
841;6469,630371;7527,373535
840;6740,882812;7518,495605
839;6357,775879;7517,780762
838;6438,414062;7548,426758
837;6751,861328;7528,498047
836;6478,459473;7519,500488
835;6539,609375;7516,764648
834;6004,826172;7516,834961
833;6347,8125;7522,741211
832;6288,666504;7522,01123
831;6397,648438;7517,966797
830;6590,488281;7516,490723
829;6257,447266;7520,430176
828;6369,287109;7519,945312
827;6175,450195;7521,003906
826;6316,062012;7520,54248
825;6620,489258;7541,03418
824;6459,052734;7535,086426
823;6448,527344;7533,391602
822;6406,973145;7534,233398
821;6600,381836;7522,194336
820;6265,088867;7529,20752
819;6540,180176;7520,088379
818;6377,030273;7517,55957
817;6084,152344;7520,323242
816;6589,611328;7521,36084
815;6458,069824;7519,865723
814;6408,785156;7557,62793
813;6499,200195;7523,324219
812;6092,931152;7515,598633
811;6681,866211;7791,42334
810;6214,540039;7515,604492
809;6469,065918;7528,352539
808;6579,848145;7516,172363
807;6691,486816;7516,803223
806;6499,834473;7534,318359
805;6315,752441;7520,385254
804;6247,134766;7518,638672
803;6377,897949;7519,424316
802;6689,205078;7515,912109
801;6165,844727;7520,010742
800;6569,205078;7519,225098
799;6346,879883;7516,709961
798;6225,638184;7514,12207
797;6508,334961;7517,17041
796;6416,48291;7516,40918
795;6357,462891;7513,95166
794;6144,229004;7514,236816
793;6316,818848;7515,724121
792;6215,446777;7514,929688
791;6427,342285;7516,370117
790;6428,021484;7514,809082
789;6105,458984;7516,342773
788;6244,73877;7517,376953
787;6529,248535;7515,871094
786;6610,044922;7518,45752
785;6508,55127;7515,142578
784;6295,611328;7516,571289
783;6367,061523;7518,069336
782;6186,232422;7514,155273
781;6486,700195;7519,76709
780;6377,667969;7518,71582
779;6436,508789;7518,977051
778;6338,70166;7516,097656
777;6497,706543;7519,041016
776;6609,004883;7515,692383
775;6224,741699;7515,569336
774;6346,936035;7513,773926
773;6528,951172;7513,835449
772;6094,776855;7545,980957
771;6367,537109;7523,10498
770;6417,407715;7519,109375
769;6487,755859;7520,214844
768;6397,525879;7563,196289
767;6226,587402;7526,805176
766;6215,562988;7539,010742
765;6407,219238;7570,21875
764;6165,338379;7525,523438
763;6195,007812;7518,558594
762;6287,141113;7539,950684
761;6206,180664;7517,04834
760;6317,352539;7516,383789
759;6075,240723;7524,621582
758;6256,795898;7515,888672
757;6003,740723;7515,63916
756;6136,660156;7513,902832
755;6449,685059;7515,3125
754;6519,793945;7514,318848
753;6175,665527;7517,252441
752;6397,987305;7521,119629
751;6094,409668;7533,620117
750;6336,176758;7514,828613
749;6448,728516;7514,943359
748;6528,187988;7535,995117
747;6690,199707;7528,770996
746;6548,172363;7515,21582
745;6497,549316;7516,091309
744;5780,359863;7513,961426
743;6318,358398;7516,935547
742;6386,634766;7545,349609
741;6256,662598;7513,852051
740;6306,939453;7515,369629
739;6548,506836;7528,600098
738;6276,267578;7515,651855
737;6135,535645;7517,16748
736;6304,854004;7542,293457
735;6013,144043;7533,25
734;5932,662598;7519,366211
733;6012,350098;7525,01416
732;6548,227051;7518,138672
731;6184,268555;7543,572266
730;6235,023926;7516,164551
729;6335,80957;7514,661621
728;6042,203125;7520,281738
727;6306,205566;7519,225098
726;6133,974121;7514,935547
725;5809,177734;7523,018066
724;6203,958496;7516,480957
723;6043,976562;7518,564453
722;6214,898926;7514,639648
721;5991,401855;7519,804199
720;5930,208496;7515,197266
719;6142,181152;7513,93457
718;6265,509277;7520,396484
717;6051,469727;7517,858398
716;5677,013672;7523,671875
715;6295,678223;7514,203613
714;6194,796875;7516,909668
713;5748,659668;7530,940918
712;6092,112793;7537,265625
711;6152,305664;7520,035156
710;6171,879395;7517,431152
709;6132,830078;7521,275879
708;6061,033691;7522,530273
707;5646,570312;7549,553223
706;6123,069824;7580,157227
705;5909,51709;7519,805664
704;5484,127441;7521,315918
703;5666,443359;7538,974121
702;5627,87207;7557,913086
701;6113,121582;7540,014648
700;6021,286133;7518,378418
699;5603,895508;7523,055176
698;5627,110352;7528,629883
697;5647,104004;7524,15332
696;5555,09668;7518,075195
695;5596,404297;7523,353516
694;5697,203125;7559,117676
693;5669,550293;7517,901855
692;5549,084473;7538,604492
691;5781,009766;7520,993652
690;5724,01416;7513,176758
689;6005,412598;7557,393555
688;5741,279297;7521,997559
687;5680,37207;7516,043945
686;5762,569824;7582,359375
685;5592,291504;7514,585938
684;5609,84668;7515,945312
683;5834,716797;7545,933105
682;5531,622559;7529,913574
681;5559,487305;7515,481445
680;5913,761719;7519,363281
679;6136,240234;7519,085938
678;5766,429688;7520,489258
677;5673,887695;7520,213379
676;5710,444824;7514,262207
675;5793,499023;7524,92041
674;6217,338867;7518,041016
673;5735,585449;7515,889648
672;6035,499512;7514,331055
671;6268,055176;7516,286133
670;6126,369141;7517,133789
669;6328,3125;7520,878906
668;6408,085938;7517,047363
667;5712,788574;7518,212891
666;6248,07959;7519,71875
665;6055,863281;7513,521973
664;5916,389648;7521,964844
663;5915,29248;7514,611816
662;6067,451172;7529,391113
661;5955,230469;7513,720215
660;5947,474121;7513,72168
659;6199,844727;7513,108887
658;5987,101562;7518,646484
657;6309,903809;7514,238281
656;5926,918457;7514,362305
655;6308,912598;7524,10791
654;6388,129883;7520,773438
653;6007,608398;7516,374512
652;6320,495117;7514,752441
651;6218,851074;7514,692871
650;6351,205566;7515,156738
649;6169,214355;7518,001465
648;6118,461426;7521,20752
647;6421,475098;7516,930664
646;6097,382324;7535,189453
645;6159,252441;7514,04541
644;6098,984863;7513,618164
643;6389,874023;7516,763184
642;6421,157227;7515,656738
641;6298,686523;7518,094727
640;6017,491211;7515,961426
639;6449,273926;7514,98584
638;6449,982422;7546,804199
637;6278,640625;7515,615723
636;6005,253906;7514,999023
635;6261,003906;7579,729004
634;6177,14502;7523,02002
633;5886,348633;7516,606934
632;6449,691406;7529,835938
631;6400,372559;7513,623535
630;6106,644531;7527,374512
629;6399,274902;7513,834961
628;6551,862793;7513,36084
627;6429,433594;7515,544922
626;6379,688477;7515,822266
625;6439,907227;7516,849609
624;6419,293945;7514,967773
623;6126,456543;7515,087891
622;5956,558594;7513,736816
621;5966,128906;7514,314941
620;6176,825195;7515,753418
619;6117,049805;7514,120605
618;6045,672852;7514,368164
617;6098,264648;7514,133789
616;6035,536621;7513,894043
615;6389,711914;7514,230957
614;6510,818848;7514,07959
613;6297,754883;7514,206543
612;5893,18457;7521,009766
611;6450,486328;7514,964355
610;6267,950195;7512,696777
609;6138,306641;7513,717773
608;6492,132812;7517,889648
607;6139,455078;7515,379395
606;5766,036621;7518,453613
605;5785,313965;7523,913574
604;6259,280273;7529,651367
603;6732,722656;7524,074707
602;6238,563965;7513,672852
601;6258,755859;7515,789551
600;6317,930176;7540,281738
599;6340,256348;7515,410156
598;6216,488281;7514,216797
597;6005,771484;7519,987793
596;6288,913086;7513,962891
595;5977,941406;7515,136719
594;6098,333008;7514,228516
593;6621,361328;7516,690918
592;6369,348145;7514,518066
591;6361,90918;7513,640625
590;6317,178223;7529,238281
589;6310,151367;7518,5
588;6662,47168;7514,506836
587;6300,836914;7514,30127
586;6380,963379;7514,727539
585;6340,538574;7516,243164
584;6238,151855;7525,650879
583;6087,81543;7515,364258
582;6248,612305;7529,644043
581;5945,353027;7515,98291
580;5956,225098;7523,257812
579;6391,00293;7515,206543
578;6379,185059;7517,90332
577;6580,969727;7518,26709
576;6349,959473;7513,004883
575;6349,191895;7538,29248
574;6327,968262;7518,769043
573;6267,544434;7520,777832
572;6157,87207;7515,611816
571;6157,166016;7513,299316
570;5765,347656;7513,503418
569;5833,696289;7514,179199
568;5895,859375;7514,34668
567;6076,828613;7513,243164
566;6359,853516;7513,526367
565;6197,662109;7514,261719
564;6197,551758;7514,260742
563;6481,237793;7544,563965
562;5764,046387;7515,300781
561;6237,425781;7514,11084
560;6530,527832;7523,840332
559;5853,272949;7519,203613
558;5804,227051;7519,275879
557;6147,789551;7517,219238
556;5966,949707;7513,62207
555;5482,287598;7515,99707
554;6277,561523;7518,642578
553;6349,891113;7514,48584
552;6207,971191;7518,404785
551;5732,185547;7512,819336
550;6106,29541;7513,888184
549;6469,558105;7517,560059
548;6368,675293;7518,90625
547;5914,228027;7514,279785
546;6229,003906;7529,092285
545;5773,79541;7514,209473
544;6226,887207;7513,887207
543;6260,459961;7514,071289
542;6469,507324;7514,382812
541;6520,541016;7512,649414
540;6439,577637;7513,267578
539;5956,183105;7514,685547
538;6045,265137;7528,081543
537;5884,342773;7515,453125
536;6076,665039;7514,910156
535;5923,419434;7515,864258
534;5924,823242;7513,708008
533;6289,537598;7512,970215
532;6226,877441;7517,288086
531;6278,149902;7514,064941
530;6226,541504;7512,591797
529;6571,211426;7513,543945
528;6590,455078;7513,654785
527;6439,944336;7513,961426
526;6025,046875;7517,539062
525;6280,149414;7513,287109
524;6378,59668;7512,976562
523;6291,616699;7515,55127
522;6258,154297;7512,830566
521;6379,608887;7512,817383
520;6128,359375;7514,137695
519;6106,678223;7513,983398
518;6024,480957;7513,227051
517;6299,233887;7514,104004
516;5896,242188;7512,708984
515;5905,194824;7512,709473
514;6086,096191;7512,856934
513;6399,628418;7516,739258
512;6218,592773;7513,342773
511;6198,939453;7514,425781
510;6288,695312;7517,60791
509;6076,708984;7514,516602
508;6005,889648;7518,069336
507;6147,247559;7512,901855
506;6480,152344;7515,119141
505;6309,798828;7514,082031
504;6208,430664;7515,823242
503;6238,023438;7513,945801
502;6117,940918;7514,427734
501;6439,053223;7513,858398
500;6087,041016;7513,834961
499;5984,865723;7513,563965
498;5796,294922;7514,870605
497;5813,240723;7512,879395
496;5986,156738;7513,400391
495;6176,596191;7513,259277
494;6227,741699;7512,998535
493;5836,118164;7513,765137
492;6238,542969;7522,574707
491;6279,209961;7522,261719
490;6066,211914;7512,60498
489;6118,282227;7513,96582
488;6056,424805;7514,489258
487;6419,104004;7512,62207
486;6118,449219;7513,708008
485;6087,861328;7512,876953
484;6025,700684;7512,552246
483;6189,289062;7513,772949
482;6147,617188;7515,136719
481;5986,366699;7513,657715
480;6064,674805;7512,827637
479;6108,785645;7514,516602
478;6126,913086;7528,391113
477;6217,517578;7513,614746
476;6225,902344;7513,292969
475;5996,266113;7513,695801
474;5923,411621;7514,006836
473;5964,366699;7515,033691
472;6390,101074;7515,04541
471;5963,626465;7513,040039
470;5814,37207;7513,339355
469;5782,246094;7515,29541
468;5771,508789;7514,963379
467;6013,890137;7513,541016
466;5784,789551;7514,75293
465;6054,532715;7513,928711
464;5407,42334;7513,836426
463;6206,493164;7516,336426
462;5542,545898;7514,602051
461;5771,999023;7513,621094
460;5855,478027;7513,835938
459;6004,930176;7513,178711
458;5781,996094;7576,266602
457;6216,272461;7518,539551
456;5914,97168;7514,295898
455;5903,487793;7513,794922
454;5823,695801;7515,64209
453;5852,503418;7514,089844
452;6225,543457;7513,90918
451;6164,523926;7513,584473
450;6167,061035;7513,665039
449;5934,670898;7513,504395
448;5653,274902;7513,694824
447;6098,009766;7524,270996
446;6027,404297;7513,848145
445;5876,612305;7512,991211
444;6379,288086;7514,794434
443;6015,949707;7513,421387
442;5621,161133;7513,72168
441;6207,053711;7513,09082
440;5955,753418;7513,182129
439;6380,629395;7513,855469
438;6177,783691;7512,783203
437;6279,3125;7513,15918
436;6107,1875;7512,774902
435;6207,779785;7513,803711
434;6055,438965;7513,144531
433;6265,483887;7514,045898
432;5844,104004;7514,838379
431;6126,659668;7514,293945
430;6067,558105;7514,115723
429;6268,882812;7519,515625
428;6682,745605;7513,219727
427;5913,480469;7513,469727
426;6390,186035;7514,701172
425;5914,209961;7513,678223
424;6560,720215;7514,068359
423;6015,176758;7515,963867
422;5811,148438;7513,099121
421;6237,475586;7513,052246
420;6077,665527;7513,696289
419;6047,067871;7513,150879
418;6296,696777;7514,756836
417;5944,728027;7520,092285
416;5903,854004;7516,296875
415;5662,333496;7515,264648
414;5974,525879;7517,715332
413;5822,92041;7512,571777
412;6056,04541;7514,26123
411;6035,656738;7518,371094
410;5913,129395;7518,401855
409;6046,044922;7523,030762
408;5752,45166;7513,763184
407;6084,878418;7514,353516
406;5915,62207;7514,555176
405;5863,236816;7516,806152
404;5732,295898;7513,562988
403;5965,527344;7517,948242
402;5885,193848;7516,401367
401;5895,091797;7514,120117
400;5652,621094;7516,856934
399;5825,031738;7513,092285
398;5794,509766;7520,500977
397;5934,836426;7513,684082
396;5975,955078;7514,431641
395;5661,352051;7513,287109
394;5702,725586;7514,264648
393;5552,628418;7514,027344
392;5492,130859;7514,988281
391;5731,662598;7515,824219
390;6227,728516;7514,10498
389;5794,181152;7518,73584
388;5824,049316;7513,904785
387;6037,347168;7522,023438
386;5694,212402;7516,84082
385;5794,500488;7514,071777
384;5581,944824;7517,990234
383;5837,150879;7514,664062
382;5464,376465;7513,57373
381;5904,910156;7513,06543
380;5874,26123;7513,941406
379;6129,095703;7513,202637
378;5562,950684;7514,080078
377;5686,676758;7514,592773
376;5795,228027;7515,136719
375;5905,208984;7515,116211
374;5614,452148;7513,666504
373;5967,598633;7512,527344
372;6008,187012;7513,336426
371;6006,527832;7514,216309
370;5897,318359;7514,156738
369;5925,600586;7512,311035
368;5915,583008;7513,93457
367;5734,716309;7512,070801
366;5965,526855;7513,45459
365;6097,289551;7513,677246
364;5936,530762;7530,491699
363;5856,382324;7513,24707
362;5874,323242;7512,352051
361;5741,515137;7513,350098
360;6117,928223;7513,720215
359;6267,418457;7514,021484
358;5985,163574;7513,575195
357;5876,263184;7514,797363
356;5734,80127;7517,722168
355;5663,929199;7527,547852
354;5524,9375;7513,087891
353;5664,208496;7513,245117
352;5654,652344;7513,938965
351;5894,921875;7513,170898
350;5664,123535;7515,07959
349;5663,101074;7513,206543
348;5947,539551;7513,001953
347;5632,489258;7518,715332
346;5735,819336;7517,915527
345;6028,115234;7513,841797
344;5705,63623;7513,977539
343;6207,536621;7515,060059
342;5855,52832;7514,477539
341;5270,555176;7512,958496
340;6107,088379;7519,273438
339;5530,728516;7513,389648
338;5935,500488;7539,294434
337;5936,230957;7514,743164
336;5933,579102;7514,327637
335;5611,845703;7513,797852
334;5624,54248;7513,647461
333;5681,838867;7513,372559
332;5632;7514,554199
331;5620,490723;7514,986816
330;5794,012207;7513,647949
329;5521,394531;7514,336426
328;5934,013184;7513,348145
327;5693,288574;7513,861328
326;5500,743164;7513,984375
325;5866,435059;7514,280273
324;6126,804688;7513,431152
323;5762,702637;7513,768066
322;5756,227539;7514,92041
321;5765,459961;7515,384766
320;5673,619629;7513,918457
319;6129,584961;7514,074219
318;5835,005859;7514,910645
317;5490,541992;7513,963379
316;5430,688965;7512,622559
315;5923,744141;7513,714355
314;5853,992676;7513,539551
313;5997,423828;7517,548828
312;5864,799316;7517,689453
311;5974,535156;7514,040039
310;5895,242188;7516,165039
309;5683,43457;7513,704102
308;6216,276367;7514,658203
307;5773,196777;7515,163574
306;5804,094727;7514,759766
305;5481,412109;7513,704102
304;5884,586426;7514,705566
303;6044,394043;7514,255859
302;5693,909668;7513,469727
301;5863,94043;7514,634277
300;5488,992188;7514,987793
299;5812,450195;7519,906738
298;5410,537109;7514,677734
297;6035,90332;7516,317383
296;5684,144531;7514,769043
295;5693,318848;7514,32666
294;5409,530273;7513,778809
293;5549,332031;7514,398926
292;5873,62207;7514,405273
291;5782,373535;7513,375977
290;5621,223145;7514,172363
289;5873,242188;7515,32373
288;5684,339844;7513,969727
287;6158,742188;7514,43457
286;5479,05127;7513,383789
285;5764,223145;7513,958496
284;5824,696289;7514,163086
283;6117,645996;7514,131348
282;5844,152832;7515,258301
281;5603,016113;7516,607422
280;5935,369141;7515,505371
279;5539,970703;7513,337402
278;5824,529785;7514,209961
277;5611,366211;7515,311523
276;5618,94043;7518,720215
275;5631,933105;7515,95752
274;5863,511719;7515,211914
273;5752,584473;7551,163574
272;5661,836914;7515,205566
271;5681,581055;7515,428223
270;5682,457031;7513,987305
269;5611,014648;7514,134766
268;5610,745605;7514,858398
267;5104,799805;7514,340332
266;5742,022461;7517,162109
265;5306,696289;7522,799805
264;4862,650879;7514,517578
263;5346,942383;7513,334961
262;5612,088867;7514,536133
261;5833,480469;7514,05957
260;5628,402344;7517,332031
259;5541,384277;7515,141113
258;5511,702637;7516,276855
257;5791,920898;7514,07666
256;5527,719238;7514,013672
255;5257,250488;7515,206543
254;5551,027344;7513,647949
253;5691,114258;7514,450684
252;5401,324707;7515,473145
251;5771,230469;7513,028809
250;5386,672852;7514,349609
249;5326,773926;7514,705566
248;5824,675293;7512,390625
247;5612,26123;7514,64209
246;5906,627441;7514,018066
245;5661,418457;7514,322266
244;5680,040039;7513,515625
243;5670,742188;7514,873535
242;5470,162109;7513,761719
241;5401,018066;7513,272949
240;5478,450195;7514,790527
239;5984,795898;7515,42627
238;5522,052734;7514,128906
237;5570,247559;7512,785645
236;5570,597656;7525,148438
235;5609,504395;7514,889648
234;5340,12207;7513,015137
233;5570,226074;7514,5
232;5417,881348;7513,570312
231;5810,317383;7514,209961
230;5691,577148;7513,769531
229;5759,941895;7521,86377
228;5599,582031;7513,928223
227;5629,100586;7515,942383
226;5518,205566;7515,541992
225;5792,817383;7514,783203
224;5660,689941;7515,155762
223;5105,047363;7513,669434
222;5528,719238;7513,733887
221;5347,138184;7513,512695
220;5247,842285;7515,677246
219;5773,897461;7513,069336
218;5550,286621;7513,070312
217;5912,967773;7515,834961
216;5399,345703;7517,272949
215;5390,827637;7515,021484
214;5085,960938;7512,716797
213;5701,878906;7513,388184
212;5408,532227;7513,541504
211;5488,399902;7514,416504
210;5539,497559;7514,127441
209;6036,971191;7517,928711
208;5165,286621;7513,989258
207;5430,106934;7513,095215
206;5540,544434;7514,187988
205;5488,488281;7513,245117
204;4983,821289;7513,329102
203;5369,217285;7514,615234
202;5049,169922;7515,088379
201;5279,493652;7525,181152
200;5671,304688;7513,263184
199;5096,890625;7513,93457
198;5328,980469;7514,639648
197;5833,862305;7528,088379
196;4886,789551;7514,125
195;5370,129883;7513,253418
194;5543,533691;7514,491211
193;5478,474121;7515,574707
192;5087,524902;7513,986328
191;4865,081543;7514,392578
190;4732,308105;7513,102539
189;4631,643555;7513,887695
188;4658,199707;7513,372559
187;5094,703613;7514,22998
186;5073,755371;7513,692871
185;5112,892578;7512,84668
184;4699,45459;7516,029785
183;5162,731934;7514,438477
182;5184,235352;7514,273438
181;5034,626465;7514,681641
180;4993,267578;7513,157715
179;5052,397461;7515,478516
178;4466,108887;7514,545898
177;4599,230957;7514,646484
176;4559,036133;7513,799316
175;4901,806641;7514,634277
174;4102,873535;7513,817871
173;5519,546875;7515,303223
172;5367,102051;7516,324219
171;5345,890137;7515,571777
170;5083,401855;7514,274414
169;5254,895508;7513,77002
168;4789,605469;7512,648926
167;4832,270508;7513,474121
166;4932,160156;7513,978027
165;5056,123047;7513,84375
164;5124,618164;7513,513184
163;4528,254395;7512,699219
162;4676,734863;7513,065918
161;4566,058594;7513,428223
160;4586,007324;7513,125
159;4543,806641;7520,630859
158;4827,662598;7513,711914
157;4513,580078;7515,039551
156;4613,314941;7513,745605
155;4624,318359;7514,677246
154;4240,050781;7515,817383
153;4593,979004;7513,513672
152;4715,554199;7515,373535
151;4283,82666;7513,949707
150;4170,26709;7514,42627
149;4098,614258;7515,085449
148;4573,305176;7515,84375
147;4622,476074;7513,641602
146;4612,964355;7514,668945
145;4380,603027;7514,07959
144;4004,617432;7513,973633
143;4378,970703;7516,967285
142;3760,392822;7513,900391
141;4176,375;7515,109375
140;3801,5979;7516,737305
139;3913,381836;7514,391113
138;3923,489014;7520,631348
137;4714,842285;7513,70459
136;4440,17041;7522,430664
135;4341,043945;7515,317871
134;4058,982422;7514,945801
133;4450,813477;7515,439453
132;4056,166016;7514,806641
131;4320,241699;7513,865723
130;4492,990723;7515,186523
129;4804,887207;7515,01123
128;4361,13623;7514,971191
127;4206,788086;7514,097168
126;3670,160645;7513,598145
125;4065,533691;7513,445312
124;4288,382324;7513,501465
123;4044,163818;7515,900391
122;4125,126465;7515,881348
121;4207,475586;7514,521484
120;4287,51709;7514,944336
119;3974,125732;7515,552246
118;3783,128174;7515,34082
117;3865,329102;7514,071289
116;4361,700195;7514,012695
115;4033,826172;7513,761719
114;4034,525146;7514,341797
113;3891,632324;7513,759277
112;3982,709229;7514,242676
111;3932,722656;7515,655273
110;4368,200195;7514,02832
109;4330,365234;7514,233887
108;3942,956055;7514,023926
107;3883,95459;7513,78125
106;3912,708252;7514,91748
105;3912,946289;7515,057129
104;4014,913086;7514,626953
103;4744,68457;7513,929688
102;3913,430908;7514,227539
101;4673,669434;7516,083984
100;4277,729492;7515,637207
99;4216,709473;7514,520508
98;3792,625244;7515,273926
97;4032,59375;7515,380859
96;3710,361084;7514,220215
95;3437,263672;7514,796387
94;4207,054199;7515,063965
93;3870,618408;7513,366211
92;3811,93335;7527,066406
91;3934,740723;7514,421387
90;3610,821533;7514,38623
89;3640,259277;7514,594238
88;3235,03833;7516,376953
87;3587,529053;7517,871094
86;3082,197021;7514,49707
85;3194,925537;7514,650879
84;2808,144287;7512,320312
83;2589,974365;7512,808105
82;3084,225098;7516,68457
81;2527,024414;7512,286621
80;2649,070312;7512,341797
79;2477,941406;7511,93457
78;2863,031982;7513,300293
77;2273,480957;7510,386719
76;2597,141113;7512,056152
75;2291,519775;7510,567871
74;2271,504883;7511,20166
73;2446,172119;7510,12793
72;2031,255737;7511,408203
71;1816,023315;7514,061035
70;2055,779541;7511,892578
69;1276,956421;7513,632324
68;1591,313354;7513,887695
67;1417,885254;7512,371582
66;1111,345703;7512,071289
65;1162,839478;7512,820801
64;1548,109009;7515,827637
63;859,431702;7513,740234
62;1031,592651;7511,230469
61;1162,06604;7511,515137
60;1020,087769;7511,119629
59;969,34198;7512,700684
58;989,324097;7510,121582
57;634,295349;7512,859863
56;907,764404;7519,489258
55;1028,997192;7513,330566
54;786,216064;7521,227051
53;654,75592;7520,439941
52;685,741272;7517,599121
51;563,942383;7513,515137
50;635,345093;7512,564453
49;655,015686;7513,034668
48;563,54425;7516,853027
47;422,261505;7510,541016
46;695,289795;7517,875977
45;1029,678833;7512,424316
44;686,736206;7520,944824
43;573,67395;7513,162109
42;846,802307;7519,025879
41;632,949341;7518,248047
40;664,516846;7550,109375
39;328,869904;7514,436035
38;635,360596;7523,30957
37;392,176819;7518,896484
36;706,091431;7519,85791
35;664,45459;7520,862305
34;714,189636;7529,415527
33;633,40448;7531,069336
32;725,132202;7516,155273
31;785,730652;7541,395996
30;785,95874;7524,625
29;-66,549988;7508,572754
28;-97,785347;-30
27;-96,732567;-27,427139
26;-98,462959;-96,683792
25;-98,062126;-30
24;-97,295784;-27,44302
23;-97,2659;-27,885571
22;-96,77227;-21,622746
21;-97,430702;-26,268108
20;-96,611259;-26,52762
19;-97,245117;-28,030115
18;-96,730423;-26,499453
17;-97,295265;-27,754295
16;-97,84288;-27,696274
15;-76,725441;5031,218262
14;-97,568527;-27,29825
13;-96,968338;-26,135439
12;-96,446655;-27,17276
11;-98,154312;-26,557848
10;-97,500801;-27,208715
9;-76,711861;4980,422363
8;-97,276054;-27,500471
7;-97,676819;-30
6;-97,840096;-28,432943
5;-97,573235;-27,217176
4;-97,869682;-29,186686
3;-97,817093;-30
2;-97,530579;-25,705299
1;-67,675125;7507,936035
0;-97,056183;-26,407009
