"experiment","method","metric","n","mean","sd","median","q1","q3","min","max","median_ci_low","median_ci_high"
"E1","Elitism","correct_settlement_rate",30,0.834266666666667,0.170366528470203,0.876,0.824,0.899,0,0.96,0.85,0.892
"E1","Truncation","correct_settlement_rate",30,0.753733333333333,0.14493825875377,0.794,0.681,0.859,0.328,0.92,0.744,0.826
"E1","SUS","correct_settlement_rate",30,0.614533333333333,0.412044166810184,0.872,0,0.896,0,0.944,0.742,0.892
"E1","Elitism","final_avg_fitness",30,7815.6118165,918.813815464841,7966.401367,7420.53454575,8188.162476,5036.408203,9750.830078,7774.23291,8072.286377
"E1","Truncation","final_avg_fitness",30,6999.5975504,1309.86649749809,7081.651611,6736.30444325,7771.67370625,3082.635742,9968.131836,6907.503174,7454.0578615
"E1","SUS","final_avg_fitness",30,6898.39526363333,1056.72034743612,7463.786621,5663.7303465,7632.47192375,5020.190918,8329.81543,6460.6142575,7588.338867
"E1","Elitism","final_boundary_contacts",30,47794.0666666667,65292.4721129174,15020,6919.5,49081.75,1596,228222,9837,44145
"E1","Truncation","final_boundary_contacts",30,33244.0333333333,28846.2228203079,25493,11754.25,41698,1736,107752,18278.5,33672.5
"E1","SUS","final_boundary_contacts",30,72512.9666666667,80009.2875602289,39153,23436.5,58342.75,11814,239710,26861,49760
"E1","Elitism","final_correct_settlers",30,208.566666666667,42.5916321175508,219,206,224.75,0,240,212.5,223
"E1","Truncation","final_correct_settlers",30,188.433333333333,36.2345646884424,198.5,170.25,214.75,82,230,186,206.5
"E1","SUS","final_correct_settlers",30,153.633333333333,103.011041702546,218,0,224,0,236,185.5,223
"E1","Elitism","final_genetic_diversity",30,0.170269966666667,0.0584677091962223,0.1596,0.1252,0.21575,0.0819,0.3088,0.13925,0.19115
"E1","Truncation","final_genetic_diversity",30,0.0748432,0.0262099791582493,0.0715,0.055225,0.08775,0.036,0.132399,0.05875,0.0832
"E1","SUS","final_genetic_diversity",30,0.383663333333333,0.069182155778502,0.3818,0.325275,0.429975,0.2478,0.5423,0.34055,0.4162
"E1","Elitism","final_max_fitness",30,18345.9375652,8258.17725645857,17421.3007815,14209.98584,20144.8378905,6140.164062,43180.90625,15396.4091795,18567.361328
"E1","Truncation","final_max_fitness",30,15950.5394531333,5864.10046161588,15222.892578,12920.48584,16973.13476575,8481.388672,38567.480469,13405.6918945,16384.061035
"E1","SUS","final_max_fitness",30,10187.949463,3200.89471227111,9798.9799805,8674.48339825,11366.2680665,5963.525879,18598.375,8943.943359,11075.636719
"E1","Elitism","final_total_settlers",30,224.166666666667,43.2435630715883,232.5,227.25,237.75,5,249,229.5,236.5
"E1","Truncation","final_total_settlers",30,220.266666666667,18.5359544991727,225.5,207,235.75,174,246,211.5,231.5
"E1","SUS","final_total_settlers",30,164,107.441082491273,227.5,4.25,234.75,1,248,222.5,234
"E1","Elitism","incorrect_settlers",30,15.6,10.1083782252559,14.5,8,22,2,48,8.5,19
"E1","Truncation","incorrect_settlers",30,31.8333333333333,33.113267820424,23.5,13.25,37.75,3,163,15.5,32.5
"E1","SUS","incorrect_settlers",30,10.3666666666667,11.5414794167142,7,4,10.5,1,56,4.5,8
"E2","Elitism","correct_settlement_rate",30,0.9324,0.0560723670342851,0.946,0.925,0.971,0.696,0.98,0.93,0.964
"E2","Truncation","correct_settlement_rate",30,0.814533333333333,0.177732796991542,0.89,0.697,0.955,0.404,0.988,0.79,0.944
"E2","SUS","correct_settlement_rate",30,0.958533333333333,0.0151309988578673,0.96,0.952,0.968,0.928,0.988,0.952,0.964
"E2","Elitism","final_avg_fitness",30,4555.07035323333,1353.34868267073,4306.112793,3830.21820075,5068.61865275,2388.878174,9664.615234,3963.819458,4632.925049
"E2","Truncation","final_avg_fitness",30,4379.5698405,2242.03472469339,3920.250366,3330.61621125,4920.3044435,1495.671753,12980.921875,3580.6326905,4465.6235355
"E2","SUS","final_avg_fitness",30,3859.2196615,829.280171904553,3729.0081785,3239.6129765,4045.13348375,3095.995605,7210.033203,3307.950928,3951.412842
"E2","Elitism","final_boundary_contacts",30,110644.866666667,194456.069284473,35898.5,18620.5,93174.25,4545,894273,20995,58776.5
"E2","Truncation","final_boundary_contacts",30,145921.733333333,197907.148074621,55996,24949,152379.25,8681,669580,28533,114782
"E2","SUS","final_boundary_contacts",30,32743,24287.9216697206,25084,19113,33100.5,7903,113204,21035.5,30473.9625
"E2","Elitism","final_correct_settlers",30,233.1,14.0180917585713,236.5,231.25,242.75,174,245,232.5,241
"E2","Truncation","final_correct_settlers",30,203.633333333333,44.4331992478856,222.5,174.25,238.75,101,247,197.5,236
"E2","SUS","final_correct_settlers",30,239.633333333333,3.78274971446683,240,238,242,232,247,238,241
"E2","Elitism","final_genetic_diversity",30,0.146813333333333,0.0436050118389075,0.13865,0.116775,0.1648,0.0787,0.2898,0.12365,0.15185
"E2","Truncation","final_genetic_diversity",30,0.0528632333333333,0.0252383349971118,0.04445,0.0356,0.07135,0.0164,0.1065,0.0371,0.06025
"E2","SUS","final_genetic_diversity",30,0.38739,0.103077173465589,0.39435,0.322475,0.440375,0.1289,0.6536,0.35085,0.4144
"E2","Elitism","final_max_fitness",30,23316.933968,24559.4592896033,14271.956543,10193.44067375,26911.19531225,3651.910156,108146.851562,11442.7583005,23602.1875
"E2","Truncation","final_max_fitness",30,22450.1884602667,27634.1193371353,14778.9731445,6616.6298825,24777.488281,3651.723633,145829.265625,11311.815918,20690.166016
"E2","SUS","final_max_fitness",30,15753.6669188667,19967.5091016532,8040.016113,4310.95275875,16607.85791025,3552.651855,99841.804688,6202.118652,14148.7047604374
"E2","Elitism","final_total_settlers",30,243.966666666667,6.07131942334036,245,243,248,220,250,243.5,247.5
"E2","Truncation","final_total_settlers",30,239.833333333333,10.5669730547697,242.5,237.25,247,203,250,238.5,246.5
"E2","SUS","final_total_settlers",30,245.7,2.03673166177309,246,245,246.75,240,249,245,246
"E2","Elitism","incorrect_settlers",30,10.8666666666667,14.0264118677963,7.5,4,11.75,0,74,4,11
"E2","Truncation","incorrect_settlers",30,36.2,45.7439651192109,14,4.25,51.5,1,148,6.5,31.5
"E2","SUS","incorrect_settlers",30,6.06666666666667,3.6382388059603,5.5,4,8,0,17,5,6.5
"E3","Elitism","correct_settlement_rate",30,0,0,0,0,0,0,0,0,0
"E3","Truncation","correct_settlement_rate",30,0,0,0,0,0,0,0,0,0
"E3","SUS","correct_settlement_rate",30,0,0,0,0,0,0,0,0,0
"E3","Elitism","final_avg_fitness",30,25699.2322917,7609.7243282053,27721.4570315,22836.731445,30700.977051,8163.040039,35397.03125,23943.254883,30358.6152345
"E3","Truncation","final_avg_fitness",30,13163.9381510667,8803.03163986918,9592.6875,7710.49145525,15128.29956075,4512.518555,32520.507812,8247.5166015,11834.400879
"E3","SUS","final_avg_fitness",30,12988.5366698667,9107.19859686726,7049.7160645,6661.479736,23385.492676,5330.854492,30603.882812,6829.5524905,14961.0195315
"E3","Elitism","final_boundary_contacts",30,234649,29826.8734463773,242562,239194.25,247258,108503,248938,240874.5,247169
"E3","Truncation","final_boundary_contacts",30,231155,31158.6872969476,244634,236617,247225.25,140777,249929,241842.5,246372
"E3","SUS","final_boundary_contacts",30,117512.6,88713.8758732543,83576,44267.75,232134.75,9279,247759,58597.5,146797
"E3","Elitism","final_correct_settlers",30,0,0,0,0,0,0,0,0,0
"E3","Truncation","final_correct_settlers",30,0,0,0,0,0,0,0,0,0
"E3","SUS","final_correct_settlers",30,0,0,0,0,0,0,0,0,0
"E3","Elitism","final_genetic_diversity",30,0.2114,0.0418049375907382,0.20945,0.1764,0.24740075,0.1466,0.2983,0.1845,0.23585
"E3","Truncation","final_genetic_diversity",30,0.0892732666666667,0.0345041206743868,0.084,0.07147475,0.0961,0.0321,0.184,0.0735,0.0895
"E3","SUS","final_genetic_diversity",30,0.505933333333333,0.135159901045298,0.55675,0.4008,0.60445,0.2027,0.6605,0.47145,0.5854
"E3","Elitism","final_max_fitness",30,61868.9915365333,443.512318859617,62065.642578,61665.4687495,62203.5966795,60240.640625,62307.742188,61793.0058595,62138.3964845
"E3","Truncation","final_max_fitness",30,61715.8660154667,753.829347687484,61860.419922,61634.319336,62102.56543,58171.414062,62301.726562,61717.988281,62019.175781
"E3","SUS","final_max_fitness",30,53588.4942709333,11114.1680140459,57036.285156,50223.69433625,61550.50976525,18544.355469,62209.464844,53774.199219,61309.2851565
"E3","Elitism","final_total_settlers",30,2.9,2.44032219466879,2,1,4,0,11,1.5,3
"E3","Truncation","final_total_settlers",30,2.4,2.44385224453187,2,1,3,0,11,1,3
"E3","SUS","final_total_settlers",30,120.866666666667,89.0144247641468,145.5,12.25,186.5,2,237,59.5,184.5
"E3","Elitism","incorrect_settlers",30,2.9,2.44032219466879,2,1,4,0,11,1.5,3
"E3","Truncation","incorrect_settlers",30,2.4,2.44385224453187,2,1,3,0,11,1,3
"E3","SUS","incorrect_settlers",30,120.866666666667,89.0144247641468,145.5,12.25,186.5,2,237,59.5,184.5
