"experiment","metric","method_1","method_2","median_1","median_2","median_difference","p_value","p_holm"
"E1","final_avg_fitness","Elitism","Truncation",7966.401367,7081.651611,884.749756,0.00090306948957134,0.00180613897914268
"E1","final_avg_fitness","Elitism","SUS",7966.401367,7463.786621,502.614746,0.000268057096804918,0.000804171290414753
"E1","final_avg_fitness","Truncation","SUS",7081.651611,7463.786621,-382.13501,0.935191970239339,0.935191970239339
"E2","final_avg_fitness","Elitism","Truncation",4306.112793,3920.250366,385.862427,0.190730333471568,0.381460666943136
"E2","final_avg_fitness","Elitism","SUS",4306.112793,3729.0081785,577.1046145,0.00442719316717302,0.0132815795015191
"E2","final_avg_fitness","Truncation","SUS",3920.250366,3729.0081785,191.2421875,0.371077032126514,0.381460666943136
"E3","final_avg_fitness","Elitism","Truncation",27721.4570315,9592.6875,18128.7695315,7.73868568857663e-06,1.54773713771533e-05
"E3","final_avg_fitness","Elitism","SUS",27721.4570315,7049.7160645,20671.740967,1.19368010017254e-06,3.58104030051761e-06
"E3","final_avg_fitness","Truncation","SUS",9592.6875,7049.7160645,2542.9714355,0.228230066807424,0.228230066807424
"E1","final_max_fitness","Elitism","Truncation",17421.3007815,15222.892578,2198.4082035,0.105469946521778,0.105469946521778
"E1","final_max_fitness","Elitism","SUS",17421.3007815,9798.9799805,7622.320801,1.24932420981477e-05,2.49864841962954e-05
"E1","final_max_fitness","Truncation","SUS",15222.892578,9798.9799805,5423.9125975,5.4620328621224e-06,1.63860985863672e-05
"E2","final_max_fitness","Elitism","Truncation",14271.956543,14778.9731445,-507.0166015,0.773119942467523,0.773119942467523
"E2","final_max_fitness","Elitism","SUS",14271.956543,8040.016113,6231.94043,0.0391670680388259,0.117501204116478
"E2","final_max_fitness","Truncation","SUS",14778.9731445,8040.016113,6738.9570315,0.0823571708823862,0.164714341764772
"E3","final_max_fitness","Elitism","Truncation",62065.642578,61860.419922,205.222655999998,0.363222312552739,0.363222312552739
"E3","final_max_fitness","Elitism","SUS",62065.642578,57036.285156,5029.357422,2.31678676525405e-06,6.95036029576215e-06
"E3","final_max_fitness","Truncation","SUS",61860.419922,57036.285156,4824.134766,1.52916739257164e-05,3.05833478514328e-05
"E1","final_correct_settlers","Elitism","Truncation",219,198.5,20.5,0.000481886625530691,0.00144565987659207
"E1","final_correct_settlers","Elitism","SUS",219,218,1,0.353977069771184,0.360112544642039
"E1","final_correct_settlers","Truncation","SUS",198.5,218,-19.5,0.180056272321019,0.360112544642039
"E2","final_correct_settlers","Elitism","Truncation",236.5,222.5,14,0.00807856933378379,0.0161571386675676
"E2","final_correct_settlers","Elitism","SUS",236.5,240,-3.5,0.0521829723322075,0.0521829723322075
"E2","final_correct_settlers","Truncation","SUS",222.5,240,-17.5,0.000114396583474263,0.000343189750422789
"E3","final_correct_settlers","Elitism","Truncation",0,0,0,NA,NA
"E3","final_correct_settlers","Elitism","SUS",0,0,0,NA,NA
"E3","final_correct_settlers","Truncation","SUS",0,0,0,NA,NA
"E1","final_total_settlers","Elitism","Truncation",232.5,225.5,7,0.0319223489437212,0.0957670468311636
"E1","final_total_settlers","Elitism","SUS",232.5,227.5,5,0.0410969544499609,0.0957670468311636
"E1","final_total_settlers","Truncation","SUS",225.5,227.5,-2,0.876582161642509,0.876582161642509
"E2","final_total_settlers","Elitism","Truncation",245,242.5,2.5,0.152442338065145,0.304884676130289
"E2","final_total_settlers","Elitism","SUS",245,246,-1,0.520840797160074,0.520840797160074
"E2","final_total_settlers","Truncation","SUS",242.5,246,-3.5,0.0540516920858964,0.162155076257689
"E3","final_total_settlers","Elitism","Truncation",2,2,0,0.325417565398253,0.325417565398253
"E3","final_total_settlers","Elitism","SUS",2,145.5,-143.5,3.39002586032123e-09,6.78005172064247e-09
"E3","final_total_settlers","Truncation","SUS",2,145.5,-143.5,1.57743310949657e-09,4.73229932848972e-09
"E1","final_boundary_contacts","Elitism","Truncation",15020,25493,-10473,0.841801450158128,0.841801450158128
"E1","final_boundary_contacts","Elitism","SUS",15020,39153,-24133,0.0162848089481173,0.0488544268443519
"E1","final_boundary_contacts","Truncation","SUS",25493,39153,-13660,0.0326509391784213,0.0653018783568425
"E2","final_boundary_contacts","Elitism","Truncation",35898.5,55996,-20097.5,0.264326212796785,0.479699982382159
"E2","final_boundary_contacts","Elitism","SUS",35898.5,25084,10814.5,0.23984999119108,0.479699982382159
"E2","final_boundary_contacts","Truncation","SUS",55996,25084,30912,0.0117106837928731,0.0351320513786194
"E3","final_boundary_contacts","Elitism","Truncation",242562,244634,-2072,0.841801450158128,0.841801450158128
"E3","final_boundary_contacts","Elitism","SUS",242562,83576,158986,8.35199591655617e-08,2.50559877496685e-07
"E3","final_boundary_contacts","Truncation","SUS",244634,83576,161058,1.35943208554213e-07,2.71886417108427e-07
"E1","final_genetic_diversity","Elitism","Truncation",0.1596,0.0715,0.0881,1.22782188419603e-09,1.22782188419603e-09
"E1","final_genetic_diversity","Elitism","SUS",0.1596,0.3818,-0.2222,6.69551896550014e-11,1.33910379310003e-10
"E1","final_genetic_diversity","Truncation","SUS",0.0715,0.3818,-0.3103,3.01796679849045e-11,9.05390039547134e-11
"E2","final_genetic_diversity","Elitism","Truncation",0.13865,0.04445,0.0942,8.1527445122188e-11,1.63054890244376e-10
"E2","final_genetic_diversity","Elitism","SUS",0.13865,0.39435,-0.2557,2.60837014351355e-10,2.60837014351355e-10
"E2","final_genetic_diversity","Truncation","SUS",0.04445,0.39435,-0.3499,3.01796679849045e-11,9.05390039547134e-11
"E3","final_genetic_diversity","Elitism","Truncation",0.20945,0.084,0.12545,1.09302241915012e-10,2.18604483830023e-10
"E3","final_genetic_diversity","Elitism","SUS",0.20945,0.55675,-0.3473,2.15439927669119e-10,2.18604483830023e-10
"E3","final_genetic_diversity","Truncation","SUS",0.084,0.55675,-0.47275,3.01796679849045e-11,9.05390039547134e-11
"E1","correct_settlement_rate","Elitism","Truncation",0.876,0.794,0.082,0.000481886625530691,0.00144565987659207
"E1","correct_settlement_rate","Elitism","SUS",0.876,0.872,0.004,0.353977069771184,0.360112544642039
"E1","correct_settlement_rate","Truncation","SUS",0.794,0.872,-0.078,0.180056272321019,0.360112544642039
"E2","correct_settlement_rate","Elitism","Truncation",0.946,0.89,0.0559999999999999,0.00807856933378379,0.0161571386675676
"E2","correct_settlement_rate","Elitism","SUS",0.946,0.96,-0.014,0.0521829723322075,0.0521829723322075
"E2","correct_settlement_rate","Truncation","SUS",0.89,0.96,-0.07,0.000114396583474263,0.000343189750422789
"E3","correct_settlement_rate","Elitism","Truncation",0,0,0,NA,NA
"E3","correct_settlement_rate","Elitism","SUS",0,0,0,NA,NA
"E3","correct_settlement_rate","Truncation","SUS",0,0,0,NA,NA
"E1","incorrect_settlers","Elitism","Truncation",14.5,23.5,-9,0.0111770041990917,0.0111770041990917
"E1","incorrect_settlers","Elitism","SUS",14.5,7,7.5,0.00442924803136168,0.00885849606272335
"E1","incorrect_settlers","Truncation","SUS",23.5,7,16.5,4.98584259348201e-05,0.00014957527780446
"E2","incorrect_settlers","Elitism","Truncation",7.5,14,-6.5,0.0354414484489296,0.0708828968978592
"E2","incorrect_settlers","Elitism","SUS",7.5,5.5,2,0.288352351978954,0.288352351978954
"E2","incorrect_settlers","Truncation","SUS",14,5.5,8.5,0.00393265728839735,0.011797971865192
"E3","incorrect_settlers","Elitism","Truncation",2,2,0,0.325417565398253,0.325417565398253
"E3","incorrect_settlers","Elitism","SUS",2,145.5,-143.5,3.39002586032123e-09,6.78005172064247e-09
"E3","incorrect_settlers","Truncation","SUS",2,145.5,-143.5,1.57743310949657e-09,4.73229932848972e-09
